[{"nombre":"descuento telecentro","descuento":30,"topedereintegro":1000,"fecha":"todo febrero","banco":"Cuenta DNI"},{"nombre":"Comercios destacados de verano","descuento":40,"topedereintegro":1500,"fecha":"Todo enero y febrero","banco":"Cuenta DNI"},{"nombre":"Comercios adheridos a Cuenta DNI","descuento":30,"topedereintegro":1500,"fecha":"Todos los viernes, sábados y domingos de enero y febrero","banco":"Cuenta DNI"},{"nombre":"Ahorrá en Ferias y Mercados Bonaerenses","descuento":40,"topedereintegro":1000,"fecha":"Todo enero y febrero","banco":"Cuenta DNI"},{"nombre":"¡Cargá en YPF!","descuento":30,"topedereintegro":1000,"fecha":"Todos los días de enero y febrero","banco":"Cuenta DNI"},{"nombre":"¡Hay verano!","descuento":30,"topedereintegro":2000,"fecha":"Todo enero y febrero","banco":"Cuenta DNI"},{"nombre":"Especial Cuenta DNI 13/17","descuento":100,"topedereintegro":1500,"fecha":"Lunes a jueves de enero y febrero","banco":"Cuenta DNI"},{"nombre":"Especial Mayores + 60","descuento":100,"topedereintegro":1500,"fecha":"Lunes a jueves de enero y febrero","banco":"Cuenta DNI"},{"nombre":"¡Recargá tu celular o tarjeta de transporte!","descuento":100,"topedereintegro":800,"fecha":"Todos los dias de enero y febrero","banco":"Cuenta DNI"}]